epoch,negative_elbo
1,1.7494052234994275e12
2,2.7314781384013464e11
3,7.83457245704941e10
4,2.790240908156486e10
5,1.0968382369415432e10
6,4.518010416561818e9
7,1.8970405660507329e9
8,7.983228970797002e8
9,3.325433605354969e8
10,1.355338782458383e8
11,5.331271933531635e7
12,1.9859481743823867e7
13,6.810027750864185e6
14,2.0565079398198314e6
15,516025.7020232355
16,106764.7417396925
17,28314.083135973186
18,18894.240865028572
19,17926.087045965014
20,17628.231532190035
