epoch,negative_elbo
1,16099.56399901136
2,16103.540335669324
epoch,negative_elbo
1,1.7618353435726516e12
2,2.754130357714925e11
3,7.899269221364973e10
4,2.8127605935537308e10
5,1.1052809765529133e10
6,4.550040017165914e9
7,1.908811664197697e9
8,8.023136533671257e8
9,3.336816925331561e8
10,1.3572424432396027e8
11,5.324912203958443e7
12,1.976661162715244e7
13,6.74313223763327e6
14,2.0169610547611064e6
15,495882.70741868956
16,97462.56709760075
