epoch,negative_elbo
1,15410.334385112556
2,10908.065127112746
3,9725.488298237346
4,9034.53059088246
5,8596.832173941246
6,8297.557584713993
7,8093.214249831174
8,7944.877889695945
9,7830.412381532699
10,7732.996362573554
11,7651.18162396545
12,7588.7140529061735
13,7532.232600056622
14,7482.586380225857
15,7426.344223387906
16,7392.255490107009
17,7351.283195662914
18,7313.530064827974
19,7282.732832984235
20,7250.225308862128
