epoch,negative_elbo
1,1.7530517515666887e12
2,2.7346932423056018e11
3,7.84184933098546e10
4,2.7918402008646107e10
5,1.0968573742090387e10
6,4.514766111805714e9
7,1.8938882723078666e9
8,7.96027106294173e8
9,3.3106498908516747e8
10,1.3465229967471364e8
11,5.28186350942349e7
12,1.9599126803702384e7
13,6.682064755602408e6
14,1.9972616462985873e6
15,490800.9871565707
16,96946.15963986382
17,24277.311000906244
18,16532.59562331671
19,15955.606080144598
20,15769.365548162417
